{"C_L": -0.314144, "C_D": 0.396356, "C_N": -2.897041e-01, "C_T": 3.174706e-01, "angle": 0.07998582546550621}
