{"C_L": 0.905911, "C_D": 0.124456, "C_N": 9.122893e-01, "C_T": -2.752510e-02, "angle": 0.15225015649020912}
