{"C_L": 1.79075, "C_D": 0.353661, "C_N": 1.959596e+00, "C_T": -1.348943e-01, "angle": 0.49217577733320766}
