{"C_L": 0.802574, "C_D": 0.234637, "C_N": 8.035769e-01, "C_T": 2.303193e-01, "angle": 0.004319866035327307}
