{"C_L": 0.77013, "C_D": 0.115812, "C_N": 7.754001e-01, "C_T": 2.127592e-03, "angle": 0.11394491535613123}
