{"C_L": 0.77724, "C_D": 0.270598, "C_N": 7.780125e-01, "C_T": 2.677253e-01, "angle": 0.0028734127820648683}
