{"C_L": 1.07288, "C_D": 0.161894, "C_N": 1.087291e+00, "C_T": -6.453847e-03, "angle": 0.16906041643631237}
