{"C_L": 0.0311365, "C_D": 0.304873, "C_N": 5.496990e-02, "C_T": 1.670463e-01, "angle": 0.13991549287491092}
