{"C_L": 2.06471, "C_D": 0.261923, "C_N": 2.226084e+00, "C_T": -2.772124e-01, "angle": 0.5255858169589609}
