{"C_L": -0.548587, "C_D": 0.308658, "C_N": -5.385385e-01, "C_T": 2.701766e-01, "angle": 0.03869305499419619}
