{"C_L": 68624546312092597410737084324689552994499900590736696292302389248, "C_D": 8577069304997797927537574369146547735284269559769493226028793856, "C_N": 6.863752e+64, "C_T": 8.577079e+63, "angle": 0.0015035548976827188}
