{"C_L": 1.04576, "C_D": 0.375748, "C_N": 1.129590e+00, "C_T": -3.188577e-02, "angle": 0.41687259734895404}
