{"C_L": 1.46495, "C_D": 0.174796, "C_N": 1.482315e+00, "C_T": 5.494896e-02, "angle": 0.12053711771624577}
