{"C_L": 0.167414, "C_D": 0.773849, "C_N": 3.667765e-01, "C_T": 3.811084e-01, "angle": 0.4441857838710737}
