{"C_L": 1.27934, "C_D": 0.187761, "C_N": 1.298017e+00, "C_T": 5.732673e-02, "angle": 0.1313046938072426}
