{"C_L": 0.986646, "C_D": 0.113091, "C_N": 9.920710e-01, "C_T": 4.394175e-02, "angle": 0.06931059197791423}
