{"C_L": -0.145176, "C_D": 0.137548, "C_N": -1.408928e-01, "C_T": 8.493117e-02, "angle": 0.052759472397832144}
