{"C_L": -0.567104, "C_D": 0.61196, "C_N": -5.068592e-01, "C_T": 4.816940e-01, "angle": 0.13506273001291347}
