{"C_L": 0.16573, "C_D": 0.359814, "C_N": 2.021029e-01, "C_T": 1.785735e-01, "angle": 0.1853593807854112}
