{"C_L": 0.0663943, "C_D": 0.451146, "C_N": 1.217418e-01, "C_T": 2.320041e-01, "angle": 0.22704160688518596}
