{"C_L": 1.98704, "C_D": 0.19683, "C_N": 2.103118e+00, "C_T": -4.516717e-01, "angle": 0.6046004819195175}
