{"C_L": 2.43482, "C_D": 0.135566, "C_N": 2.538335e+00, "C_T": -3.149828e-01, "angle": 0.43481128094041666}
