{"C_L": 0.762092, "C_D": 0.491232, "C_N": 8.763762e-01, "C_T": 6.943089e-02, "angle": 0.44283012645278225}
