{"C_L": 1.80175, "C_D": 0.268425, "C_N": 1.861847e+00, "C_T": 3.491437e-02, "angle": 0.23668825972796767}
