{"C_L": 1.49004, "C_D": 0.202593, "C_N": 1.531737e+00, "C_T": -1.514332e-01, "angle": 0.3519652566803434}
