{"C_L": -0.493111, "C_D": 0.216763, "C_N": -4.846865e-01, "C_T": 1.588066e-01, "angle": 0.05825916140307595}
