{"C_L": 0.926338, "C_D": 0.488526, "C_N": 1.061787e+00, "C_T": -4.466722e-03, "angle": 0.5148609773512963}
