{"C_L": 2.01172, "C_D": 0.223026, "C_N": 2.072389e+00, "C_T": -3.555151e-02, "angle": 0.26030960235324735}
