{"C_L": 2.00483, "C_D": 0.137236, "C_N": 2.070173e+00, "C_T": -3.712802e-01, "angle": 0.4845181516029357}
