{"C_L": 0.169287, "C_D": 0.940485, "C_N": 5.191620e-01, "C_T": 4.502458e-01, "angle": 0.6074669114890597}
