{"C_L": 2.5131, "C_D": 0.0499298, "C_N": 2.590022e+00, "C_T": -4.564464e-01, "angle": 0.4736392978234521}
