{"C_L": 2.51864, "C_D": 0.050879, "C_N": 2.596695e+00, "C_T": -4.548243e-01, "angle": 0.47318880604421604}
