{"C_L": 1.5689, "C_D": 0.175155, "C_N": 1.605116e+00, "C_T": -1.884189e-01, "angle": 0.3592234131125608}
