{"C_L": 2.56035, "C_D": 0.0481475, "C_N": 2.641683e+00, "C_T": -4.565268e-01, "angle": 0.47208143427994376}
