{"C_L": -0.387754, "C_D": 0.746053, "C_N": -2.623075e-01, "C_T": 4.854349e-01, "angle": 0.2838377137314846}
