{"C_L": 1.02941, "C_D": 0.548071, "C_N": 1.218813e+00, "C_T": 6.443123e-02, "angle": 0.5143587590530225}
