{"C_L": 0.714899, "C_D": 0.591902, "C_N": 8.847549e-01, "C_T": 1.271339e-01, "angle": 0.5011104319594839}
