{"C_L": 0.793614, "C_D": 0.227131, "C_N": 8.156619e-01, "C_T": 3.338940e-02, "angle": 0.19562341428180477}
