{"C_L": 0.000202762, "C_D": 0.0456457, "C_N": 2.106981e-04, "C_T": 4.547119e-02, "angle": 0.00017453292519944446}
