{"C_L": -0.143749, "C_D": 0.98345, "C_N": 1.501644e-01, "C_T": 5.738290e-01, "angle": 0.5007337218309433}
