{"C_L": 1.97822, "C_D": 0.207871, "C_N": 2.101048e+00, "C_T": -4.314007e-01, "angle": 0.599325445075784}
