{"C_L": 2.19592, "C_D": 0.155697, "C_N": 2.253348e+00, "C_T": -1.465245e-01, "angle": 0.30015746461656045}
