{"C_L": -0.443673, "C_D": 0.792063, "C_N": -3.044196e-01, "C_T": 5.236142e-01, "angle": 0.29540717141260703}
