{"C_L": 2.05564, "C_D": 0.129826, "C_N": 2.126865e+00, "C_T": -4.274402e-01, "angle": 0.5235987755983333}
