{"C_L": 0.831453, "C_D": 0.132057, "C_N": 8.314763e-01, "C_T": 1.318828e-01, "angle": 0.00017453292519944446}
