{"C_L": 1.85149, "C_D": 0.113918, "C_N": 1.876605e+00, "C_T": -1.500130e-01, "angle": 0.26179938779916667}
