{"C_L": 1.69562, "C_D": 0.135906, "C_N": 1.717858e+00, "C_T": -7.361483e-02, "angle": 0.20943951023933335}
