{"C_L": 1.51915, "C_D": 0.138756, "C_N": 1.539439e+00, "C_T": -1.242986e-01, "angle": 0.26179938779916667}
