{"C_L": 1.58592, "C_D": 0.138128, "C_N": 1.604023e+00, "C_T": -3.606782e-02, "angle": 0.17453292519944444}
