{"C_L": 1.3466, "C_D": 0.14471, "C_N": 1.362950e+00, "C_T": -6.461343e-02, "angle": 0.20943951023933335}
