{"C_L": 1.1976, "C_D": 0.231308, "C_N": 1.232679e+00, "C_T": -8.170793e-02, "angle": 0.314159265359}
