{"C_L": 1.19199, "C_D": 0.234114, "C_N": 1.227745e+00, "C_T": -7.875778e-02, "angle": 0.314159265359}
