{"C_L": 0.942485, "C_D": 0.179632, "C_N": 9.573955e-01, "C_T": -2.891175e-02, "angle": 0.20943951023933335}
