{"C_L": 2.02731, "C_D": 0.086664, "C_N": 2.058516e+00, "C_T": -2.717443e-01, "angle": 0.3490658503988889}
