{"C_L": 1.26294, "C_D": 0.141091, "C_N": 1.276730e+00, "C_T": -5.064858e-02, "angle": 0.1919862177193889}
