{"C_L": 1.46527, "C_D": 0.14139, "C_N": 1.484297e+00, "C_T": -1.036093e-01, "angle": 0.24434609527922224}
