{"C_L": 1.8565, "C_D": 0.163489, "C_N": 1.919364e+00, "C_T": -3.885694e-01, "angle": 0.5235987755983333}
