{"C_L": 1.19567, "C_D": 0.141544, "C_N": 1.208366e+00, "C_T": -3.259915e-02, "angle": 0.17453292519944444}
