{"C_L": 1.99141, "C_D": 0.151843, "C_N": 2.067382e+00, "C_T": -4.020166e-01, "angle": 0.5235987755983333}
