{"C_L": 0.472852, "C_D": 0.820341, "C_N": 7.812371e-01, "C_T": 3.190146e-01, "angle": 0.5883154999453837}
