{"C_L": 0.0446536, "C_D": 0.843894, "C_N": 2.705020e-01, "C_T": 4.482129e-01, "angle": 0.4575981887629413}
