{"C_L": 0.861052, "C_D": 0.351398, "C_N": 9.199420e-01, "C_T": 9.826491e-03, "angle": 0.3492194149252456}
