{"C_L": 1.74114, "C_D": 0.224215, "C_N": 1.769998e+00, "C_T": 8.748992e-02, "angle": 0.13799384571322942}
