{"C_L": 1.88803, "C_D": 0.161865, "C_N": 1.951497e+00, "C_T": -3.209281e-01, "angle": 0.4652837677366817}
