{"C_L": 2.34487, "C_D": 0.0754275, "C_N": 2.407578e+00, "C_T": -3.765377e-01, "angle": 0.4307661145079047}
