{"C_L": 1.61012, "C_D": 0.248619, "C_N": 1.687052e+00, "C_T": -1.921074e-01, "angle": 0.43644317385892306}
