{"C_L": 2.47438, "C_D": 0.062582, "C_N": 2.553839e+00, "C_T": -4.423798e-01, "angle": 0.47376216755370854}
