{"C_L": 0.867946, "C_D": 0.835953, "C_N": 1.631717e+00, "C_T": -6.014494e-02, "angle": 1.0471975511966667}
