{"C_L": 1.59168, "C_D": 0.200723, "C_N": 1.631717e+00, "C_T": -6.014494e-02, "angle": 0.26179938779916667}
