{"C_L": 1.47062, "C_D": 0.17318, "C_N": 1.497981e+00, "C_T": -7.084594e-02, "angle": 0.24434609527922224}
