{"C_L": 1.57483, "C_D": 0.520031, "C_N": 1.921329e+00, "C_T": -1.602479e-01, "angle": 0.6981317007977778}
