{"C_L": 1.42203, "C_D": 0.699975, "C_N": 2.089790e+00, "C_T": -1.027860e-01, "angle": 0.8726646259972223}
