{"C_L": 1.69216, "C_D": 0.133675, "C_N": 1.720065e+00, "C_T": -2.217160e-01, "angle": 0.3490658503988889}
