{"C_L": 1.34327, "C_D": 0.172747, "C_N": 1.365637e+00, "C_T": -3.595048e-02, "angle": 0.20943951023933335}
