{"C_L": 1.54911, "C_D": 0.30365, "C_N": 1.657855e+00, "C_T": -2.267259e-01, "angle": 0.5235987755983333}
