{"C_L": 2.57554, "C_D": 0.0406923, "C_N": 2.654331e+00, "C_T": -4.642661e-01, "angle": 0.4715710105989915}
