{"C_L": 2.50106, "C_D": 0.059469, "C_N": 2.576138e+00, "C_T": -4.170175e-01, "angle": 0.45000527320037187}
