{"C_L": 2.4508, "C_D": 0.0569173, "C_N": 2.517669e+00, "C_T": -4.127435e-01, "angle": 0.44407998746633776}
