{"C_L": 2.44275, "C_D": 0.0860658, "C_N": 2.517439e+00, "C_T": -3.501085e-01, "angle": 0.4180922748445315}
