{"C_L": 0.184651, "C_D": 0.235112, "C_N": 1.995677e-01, "C_T": 7.962863e-02, "angle": 0.15711013496606435}
