{"C_L": 2.46423, "C_D": 0.0605238, "C_N": 2.528885e+00, "C_T": -3.799234e-01, "angle": 0.41968837414179566}
