{"C_L": 2.51351, "C_D": 0.0825739, "C_N": 2.586394e+00, "C_T": -3.262516e-01, "angle": 0.3939460610198648}
