{"C_L": 0.0927091, "C_D": 0.772294, "C_N": 2.835918e-01, "C_T": 3.769163e-01, "angle": 0.4472000409064663}
