{"C_L": 1.07557, "C_D": 0.425211, "C_N": 1.189315e+00, "C_T": -1.160034e-02, "angle": 0.45076322457543094}
