{"C_L": 2.70669, "C_D": 0.0320908, "C_N": 2.796626e+00, "C_T": -4.739215e-01, "angle": 0.4715711085429375}
