{"C_L": 2.56324, "C_D": 0.0644321, "C_N": 2.626502e+00, "C_T": -3.223268e-01, "angle": 0.37317581705981223}
