{"C_L": 1.81211, "C_D": 0.147405, "C_N": 1.857727e+00, "C_T": -2.995073e-01, "angle": 0.4326853802018564}
