{"C_L": -0.232816, "C_D": 0.344925, "C_N": -2.057841e-01, "C_T": 2.048225e-01, "angle": 0.14266664281512736}
