{"C_L": 2.31668, "C_D": 0.0529185, "C_N": 2.356840e+00, "C_T": -3.344639e-01, "angle": 0.37297461495146766}
