{"C_L": 2.65862, "C_D": 0.0377462, "C_N": 2.736780e+00, "C_T": -4.301631e-01, "angle": 0.4409168907165032}
