{"C_L": 0.235738, "C_D": 0.220783, "C_N": 2.495702e-01, "C_T": 1.094413e-01, "angle": 0.11226643613635223}
