{"C_L": 2.56502, "C_D": 0.0821634, "C_N": 2.657241e+00, "C_T": -3.839729e-01, "angle": 0.4433927548116721}
