{"C_L": 2.56074, "C_D": 0.10719, "C_N": 2.633060e+00, "C_T": -2.461462e-01, "angle": 0.34562014974482475}
