{"C_L": 2.55789, "C_D": 0.108697, "C_N": 2.630476e+00, "C_T": -2.441146e-01, "angle": 0.3452251223405414}
