{"C_L": 2.48844, "C_D": 0.0301813, "C_N": 2.538245e+00, "C_T": -3.987973e-01, "angle": 0.4075070509934811}
