{"C_L": 0.62453, "C_D": 0.657316, "C_N": 8.300207e-01, "C_T": 1.526601e-01, "angle": 0.5558146882057368}
