{"C_L": 2.50751, "C_D": 0.0389805, "C_N": 2.570493e+00, "C_T": -4.296522e-01, "angle": 0.44162687176925525}
