{"C_L": 1.47539, "C_D": 0.449155, "C_N": 1.686251e+00, "C_T": -1.176043e-01, "angle": 0.579447727081307}
