{"C_L": 1.45118, "C_D": 0.318085, "C_N": 1.544086e+00, "C_T": -8.719816e-02, "angle": 0.40941850689080944}
