{"C_L": 2.52124, "C_D": 0.142562, "C_N": 2.641062e+00, "C_T": -3.186699e-01, "angle": 0.4447487145715647}
