{"C_L": 2.42911, "C_D": 0.111017, "C_N": 2.522339e+00, "C_T": -3.535690e-01, "angle": 0.44470983373163503}
