{"C_L": 2.45136, "C_D": 0.120712, "C_N": 2.552079e+00, "C_T": -3.427262e-01, "angle": 0.4446209743604257}
