{"C_L": 2.5272, "C_D": 0.11147, "C_N": 2.608334e+00, "C_T": -2.744681e-01, "angle": 0.37557428910493157}
