{"C_L": 0.858584, "C_D": 0.363476, "C_N": 9.218757e-01, "C_T": 1.065155e-02, "angle": 0.361323615237711}
