{"C_L": 2.64736, "C_D": 0.0250281, "C_N": 2.725989e+00, "C_T": -4.818586e-01, "angle": 0.47157837146612847}
