{"C_L": 2.58569, "C_D": 0.0295424, "C_N": 2.651357e+00, "C_T": -4.367333e-01, "angle": 0.43884315153518094}
