{"C_L": 2.67757, "C_D": 0.0620227, "C_N": 2.757434e+00, "C_T": -3.578165e-01, "angle": 0.4020513795166275}
