{"C_L": 2.05249, "C_D": 0.116263, "C_N": 2.081011e+00, "C_T": -1.137446e-01, "angle": 0.22903454855850777}
