{"C_L": 2.70063, "C_D": 0.0298, "C_N": 2.776667e+00, "C_T": -4.292832e-01, "angle": 0.4328798383798352}
