{"C_L": 2.53892, "C_D": 0.0300713, "C_N": 2.599496e+00, "C_T": -4.335415e-01, "angle": 0.43667654634646175}
