{"C_L": 0.483421, "C_D": 0.257273, "C_N": 5.058504e-01, "C_T": 8.566525e-02, "angle": 0.1737713782375138}
