{"C_L": 2.62101, "C_D": 0.0593777, "C_N": 2.706077e+00, "C_T": -4.046652e-01, "angle": 0.4395912620529462}
