{"C_L": 1.53445, "C_D": 0.240406, "C_N": 1.600006e+00, "C_T": -2.378781e-01, "angle": 0.46960442460936114}
