{"C_L": 0.318178, "C_D": 0.241784, "C_N": 3.356263e-01, "C_T": 7.793592e-02, "angle": 0.16567177064895475}
