{"C_L": -0.975763, "C_D": 0.377006, "C_N": -9.579417e-01, "C_T": 3.151260e-01, "angle": 0.06253655455083976}
