{"C_L": 2.54365, "C_D": 0.0363276, "C_N": 2.607056e+00, "C_T": -4.220857e-01, "angle": 0.43287428148881085}
