{"C_L": 2.70009, "C_D": 0.0222817, "C_N": 2.774383e+00, "C_T": -4.465063e-01, "angle": 0.4402918422699406}
