{"C_L": 2.49955, "C_D": 0.0373651, "C_N": 2.557429e+00, "C_T": -4.119689e-01, "angle": 0.42533673871104616}
