{"C_L": 2.51826, "C_D": 0.0258728, "C_N": 2.572273e+00, "C_T": -4.246918e-01, "angle": 0.42542595776917924}
