{"C_L": 2.61019, "C_D": 0.0765499, "C_N": 2.688979e+00, "C_T": -3.349447e-01, "angle": 0.39585042064987636}
