{"C_L": 2.70983, "C_D": 0.00176727, "C_N": 2.782796e+00, "C_T": -5.079602e-01, "angle": 0.47157111463639895}
