{"C_L": 2.64935, "C_D": -0.00426456, "C_N": 2.711486e+00, "C_T": -5.148996e-01, "angle": 0.4717046337375626}
