{"C_L": 2.72245, "C_D": 0.00803396, "C_N": 2.800624e+00, "C_T": -5.012521e-01, "angle": 0.47183104240832596}
