{"C_L": 2.63747, "C_D": 0.056398, "C_N": 2.732843e+00, "C_T": -4.466364e-01, "angle": 0.47157120979550016}
