{"C_L": -1.65028e+09, "C_D": -8.68944e+09, "C_N": -5.954056e+09, "C_T": -9.485618e+09, "angle": 0.4126411160214631}
