{"C_L": 2.65357, "C_D": 0.0751623, "C_N": 2.745726e+00, "C_T": -3.718698e-01, "angle": 0.42653087996372785}
