{"C_L": 2.67573, "C_D": 0.0127414, "C_N": 2.750772e+00, "C_T": -4.955242e-01, "angle": 0.4714774405847839}
