{"C_L": 2.70283, "C_D": 0.0152841, "C_N": 2.782706e+00, "C_T": -4.929187e-01, "angle": 0.47167612762023575}
