{"C_L": -0.17018, "C_D": 0.605562, "C_N": -7.982895e-02, "C_T": 3.573583e-01, "angle": 0.26358786691872316}
