{"C_L": 2.55928, "C_D": 0.0499281, "C_N": 2.622054e+00, "C_T": -3.652090e-01, "angle": 0.39707489319741307}
