{"C_L": 2.54231, "C_D": 0.0728878, "C_N": 2.610814e+00, "C_T": -3.267645e-01, "angle": 0.3851653449786276}
