{"C_L": 2.54293, "C_D": 0.0675877, "C_N": 2.609168e+00, "C_T": -3.324867e-01, "angle": 0.38516802577365183}
