{"C_L": 0.66566, "C_D": 0.157429, "C_N": 6.228020e-01, "C_T": -2.355167e-01, "angle": 0.38514404890608317}
