{"C_L": 2.65574, "C_D": 0.0454832, "C_N": 2.729813e+00, "C_T": -3.907239e-01, "angle": 0.41486115648793725}
