{"C_L": 2.64423, "C_D": 0.0441515, "C_N": 2.716602e+00, "C_T": -3.921832e-01, "angle": 0.4148647631990795}
