{"C_L": 2.59021, "C_D": 0.0674745, "C_N": 2.660156e+00, "C_T": -3.326717e-01, "angle": 0.38522339125183525}
