{"C_L": 2.55162, "C_D": 0.0683363, "C_N": 2.643157e+00, "C_T": -4.326191e-01, "angle": 0.4710662346120689}
