{"C_L": 2.51895, "C_D": 0.0450821, "C_N": 2.579571e+00, "C_T": -3.881832e-01, "angle": 0.41231724244236106}
