{"C_L": 2.63166, "C_D": 0.0582962, "C_N": 2.708977e+00, "C_T": -3.740358e-01, "angle": 0.4125539811136908}
