{"C_L": 2.46906, "C_D": 0.11511, "C_N": 2.539210e+00, "C_T": -2.398833e-01, "angle": 0.3476043559776617}
