{"C_L": 2.60231, "C_D": 0.061409, "C_N": 2.678201e+00, "C_T": -3.697547e-01, "angle": 0.4117938314666479}
