{"C_L": 2.57205, "C_D": 0.0803393, "C_N": 2.641554e+00, "C_T": -3.010498e-01, "angle": 0.3694245610165726}
