{"C_L": 0.354482, "C_D": 0.403965, "C_N": 4.057891e-01, "C_T": 1.904252e-01, "angle": 0.2198925007416791}
