{"C_L": 2.43602, "C_D": 0.0391143, "C_N": 2.496227e+00, "C_T": -4.618694e-01, "angle": 0.46819773452119745}
