{"C_L": -1.60536e+13, "C_D": 9.00756e+12, "C_N": -1.321426e+13, "C_T": 9.836981e+12, "angle": 0.4135903211681952}
