{"C_L": 2.70379, "C_D": 0.0174859, "C_N": 2.777848e+00, "C_T": -4.597424e-01, "angle": 0.44681412287922}
