{"C_L": 2.0372, "C_D": 0.185142, "C_N": 2.083819e+00, "C_T": -5.286275e-02, "angle": 0.23876710569064213}
