{"C_L": 2.70074, "C_D": 0.0464001, "C_N": 2.785527e+00, "C_T": -4.120485e-01, "angle": 0.4337637568355902}
