{"C_L": 1.87864, "C_D": 0.128482, "C_N": 1.912579e+00, "C_T": -1.771392e-01, "angle": 0.3021725222769618}
