{"C_L": 2.64462, "C_D": 0.0409219, "C_N": 2.713406e+00, "C_T": -3.871066e-01, "angle": 0.4075137693446448}
