{"C_L": 0.0004369, "C_D": 0.553858, "C_N": 2.512120e-03, "C_T": 3.008810e-03, "angle": 0.5839788293599681}
