{"C_L": 2.62835, "C_D": 0.0752441, "C_N": 2.707877e+00, "C_T": -3.356859e-01, "angle": 0.3952593152803388}
