{"C_L": 2.39698, "C_D": 0.120333, "C_N": 2.463743e+00, "C_T": -2.309968e-01, "angle": 0.3445307253520199}
