{"C_L": 2.20697, "C_D": -0.0564792, "C_N": 2.189416e+00, "C_T": -5.171034e-01, "angle": 0.4270467911651294}
