{"C_L": 2.57854, "C_D": 0.0484572, "C_N": 2.650751e+00, "C_T": -4.046572e-01, "angle": 0.4294487310416869}
