{"C_L": 2.59363, "C_D": 0.060539, "C_N": 2.663977e+00, "C_T": -3.531245e-01, "angle": 0.3965711086984155}
