{"C_L": 2.7318, "C_D": 0.0148018, "C_N": 2.814937e+00, "C_T": -4.934047e-01, "angle": 0.47163177880312096}
