{"C_L": -18277568152666472710144, "C_D": 491192737400651382784, "C_N": -1.960501e+22, "C_T": 5.328914e+20, "angle": 0.3982265276046167}
