{"C_L": 2.45232, "C_D": 0.139429, "C_N": 2.532240e+00, "C_T": -2.190541e-01, "angle": 0.35227171911707744}
