{"C_L": 2.71027, "C_D": 0.0326087, "C_N": 2.788296e+00, "C_T": -4.245786e-01, "angle": 0.4315335559326308}
