{"C_L": 2.53466, "C_D": 0.135853, "C_N": 2.650793e+00, "C_T": -3.213370e-01, "angle": 0.44061835116783105}
