{"C_L": 2.74038, "C_D": 0.0153727, "C_N": 2.821938e+00, "C_T": -4.808035e-01, "angle": 0.4620277531323998}
