{"C_L": -134537958902169904, "C_D": 320734249029727744, "C_N": 1.120345e+16, "C_T": 3.518848e+17, "angle": 0.42394033131575337}
