{"C_L": 2.73608, "C_D": 0.0191017, "C_N": 2.816961e+00, "C_T": -4.677117e-01, "angle": 0.4547885054363436}
