{"C_L": 2.74127, "C_D": 0.0156259, "C_N": 2.823125e+00, "C_T": -4.807379e-01, "angle": 0.4622030300525169}
