{"C_L": 2.67203, "C_D": 0.023224, "C_N": 2.746994e+00, "C_T": -4.591338e-01, "angle": 0.45153087471612946}
