{"C_L": 2.4577, "C_D": 0.117177, "C_N": 2.524692e+00, "C_T": -2.252786e-01, "angle": 0.3361426544747719}
