{"C_L": 2.71321, "C_D": 0.0310258, "C_N": 2.793151e+00, "C_T": -4.356875e-01, "angle": 0.4393353986204906}
