{"C_L": 2.66843, "C_D": 0.015897, "C_N": 2.737811e+00, "C_T": -4.616154e-01, "angle": 0.44690506554134146}
