{"C_L": 2.66268, "C_D": 0.0506111, "C_N": 2.743958e+00, "C_T": -4.006745e-01, "angle": 0.428085308775818}
