{"C_L": 2.74069, "C_D": 0.0151173, "C_N": 2.822311e+00, "C_T": -4.817744e-01, "angle": 0.4625807205377989}
