{"C_L": 2.7295, "C_D": 0.0191808, "C_N": 2.804048e+00, "C_T": -4.449427e-01, "angle": 0.43616561618982713}
