{"C_L": 1.78584, "C_D": 0.135673, "C_N": 1.820522e+00, "C_T": -2.195898e-01, "angle": 0.3490658503988889}
