{"C_L": 2.71217, "C_D": 0.0408889, "C_N": 2.794559e+00, "C_T": -4.153577e-01, "angle": 0.4314453910930267}
