{"C_L": 0.429446, "C_D": 0.340423, "C_N": 4.681022e-01, "C_T": 1.156803e-01, "angle": 0.22980135391658066}
