{"C_L": 1.91085, "C_D": 0.163045, "C_N": 1.975029e+00, "C_T": -2.884569e-01, "angle": 0.43813870550148953}
