{"C_L": -0.0823089, "C_D": 1.07216, "C_N": 3.163382e-01, "C_T": 6.210492e-01, "angle": 0.5894792444056688}
