{"C_L": 1.31126, "C_D": 0.162124, "C_N": 1.325456e+00, "C_T": 4.804278e-02, "angle": 0.11464792239769783}
