{"C_L": -0.0589597, "C_D": 0.0888713, "C_N": -5.703885e-02, "C_T": 4.484611e-02, "angle": 0.044082998462270914}
