{"C_L": 0.406407, "C_D": 0.814659, "C_N": 6.828957e-01, "C_T": 3.530131e-01, "angle": 0.5366648926408769}
