{"C_L": 2.30989, "C_D": 0.165568, "C_N": 2.390313e+00, "C_T": -1.896697e-01, "angle": 0.35083687007311565}
