{"C_L": 0.1356, "C_D": 0.634053, "C_N": 2.569513e-01, "C_T": 3.155617e-01, "angle": 0.34366877383870914}
