{"C_L": 1.82315, "C_D": 0.220791, "C_N": 1.919654e+00, "C_T": -3.296818e-01, "angle": 0.5297176351809133}
