{"C_L": 2.38072, "C_D": 0.129926, "C_N": 2.472924e+00, "C_T": -3.100579e-01, "angle": 0.425077121862924}
