{"C_L": -0.148355, "C_D": 0.571172, "C_N": -6.859324e-02, "C_T": 3.421705e-01, "angle": 0.24124346098444613}
