{"C_L": 1.52832, "C_D": 0.235186, "C_N": 1.590122e+00, "C_T": -2.486216e-01, "angle": 0.473948613847959}
