{"C_L": -0.175615, "C_D": 0.197217, "C_N": -1.666023e-01, "C_T": 1.047671e-01, "angle": 0.09303739031743684}
