{"C_L": -0.168583, "C_D": 0.504666, "C_N": -1.081094e-01, "C_T": 3.061162e-01, "angle": 0.20651979643530277}
