{"C_L": -0.19726, "C_D": 0.744026, "C_N": -5.658505e-02, "C_T": 4.447771e-01, "angle": 0.3290089498618864}
