{"C_L": 2.56823, "C_D": 0.0999782, "C_N": 2.646891e+00, "C_T": -2.844593e-01, "angle": 0.3734510866534488}
