{"C_L": 2.55697, "C_D": 0.0543465, "C_N": 2.655407e+00, "C_T": -5.144964e-01, "angle": 0.5235217189085036}
