{"C_L": 2.02989, "C_D": 0.190484, "C_N": 2.065999e+00, "C_T": 8.449915e-03, "angle": 0.18319835138876875}
