{"C_L": 2.1674, "C_D": 0.08405, "C_N": 2.201156e+00, "C_T": -2.288353e-01, "angle": 0.30698606676577694}
