{"C_L": 1.91636, "C_D": 0.189891, "C_N": 1.942288e+00, "C_T": 5.174590e-02, "angle": 0.13909327939065694}
