{"C_L": 1.90906, "C_D": 0.194361, "C_N": 2.004334e+00, "C_T": -4.035833e-01, "angle": 0.564817654117181}
