{"C_L": -0.620293, "C_D": 0.492475, "C_N": -5.776203e-01, "C_T": 3.652864e-01, "angle": 0.13067408548631246}
