{"C_L": -0.141307, "C_D": 0.191616, "C_N": -1.339926e-01, "C_T": 1.369276e-01, "angle": 0.054922573015850774}
