{"C_L": 1.43765, "C_D": 0.188475, "C_N": 1.450708e+00, "C_T": 1.108315e-01, "angle": 0.07806064647518113}
