{"C_L": 1.14303, "C_D": 0.13603, "C_N": 1.145472e+00, "C_T": 1.169568e-01, "angle": 0.01909593273702095}
