{"C_L": 0.413125, "C_D": 0.615885, "C_N": 5.541857e-01, "C_T": 2.285575e-01, "angle": 0.4193069136904535}
