{"C_L": 2.55293, "C_D": 0.0418379, "C_N": 2.614092e+00, "C_T": -3.867306e-01, "angle": 0.4080465460706345}
