{"C_L": 1.98919, "C_D": 0.118697, "C_N": 2.041763e+00, "C_T": -4.002647e-01, "angle": 0.49115575335289147}
