{"C_L": 2.05943, "C_D": 0.0828182, "C_N": 2.087934e+00, "C_T": -2.354694e-01, "angle": 0.31195778633166105}
