{"C_L": 2.64304, "C_D": 0.0744943, "C_N": 2.716543e+00, "C_T": -3.119159e-01, "angle": 0.37352786083483047}
