{"C_L": -0.996251, "C_D": 0.386996, "C_N": -9.763785e-01, "C_T": 3.176489e-01, "angle": 0.07018710286396015}
