{"C_L": -0.202649, "C_D": 0.966709, "C_N": 6.730949e-02, "C_T": 5.709800e-01, "angle": 0.47755630632702306}
