{"C_L": -0.889007, "C_D": 0.146967, "C_N": -8.861793e-01, "C_T": 1.212676e-01, "angle": 0.02574257169137289}
