{"C_L": 2.12006, "C_D": 0.101065, "C_N": 2.167903e+00, "C_T": -2.997443e-01, "angle": 0.38818363056627037}
