{"C_L": 0.804296, "C_D": 0.627923, "C_N": 1.026960e+00, "C_T": 7.668338e-02, "angle": 0.5999880743317587}
