{"C_L": -0.0587021, "C_D": 0.252, "C_N": -4.325364e-02, "C_T": 1.143538e-01, "angle": 0.13920143037959257}
