{"C_L": 1.39729, "C_D": 0.183862, "C_N": 1.426460e+00, "C_T": -1.263038e-01, "angle": 0.3090779414173144}
