{"C_L": 1.78043, "C_D": 0.149874, "C_N": 1.822128e+00, "C_T": -2.381157e-01, "angle": 0.38008201254203866}
