{"C_L": 0.674936, "C_D": 0.226909, "C_N": 6.935579e-01, "C_T": 9.723190e-02, "angle": 0.13088237588580964}
