{"C_L": 2.33734, "C_D": 0.0715247, "C_N": 2.375259e+00, "C_T": -2.419040e-01, "angle": 0.30692015994485605}
