{"C_L": 0.609438, "C_D": 0.109473, "C_N": 6.129828e-01, "C_T": 6.411138e-02, "angle": 0.045443727271491964}
