{"C_L": 0.024343, "C_D": 0.729386, "C_N": 1.825188e-01, "C_T": 3.687782e-01, "angle": 0.4003868769045129}
