{"C_L": 0.820208, "C_D": 0.563107, "C_N": 9.894145e-01, "C_T": 7.019403e-02, "angle": 0.5263894810662714}
