{"C_L": -0.323553, "C_D": 0.153347, "C_N": -3.185330e-01, "C_T": 9.460811e-02, "angle": 0.058937224536183636}
