{"C_L": 1.81859, "C_D": 0.281415, "C_N": 1.949065e+00, "C_T": -2.259280e-01, "angle": 0.5002632887937233}
