{"C_L": 1.69577, "C_D": 0.197759, "C_N": 1.720878e+00, "C_T": 5.835159e-02, "angle": 0.14044346268754324}
