{"C_L": 0.210173, "C_D": 0.781578, "C_N": 4.268812e-01, "C_T": 3.484478e-01, "angle": 0.4948920284497588}
