{"C_L": 0.029027, "C_D": 1.00625, "C_N": 4.035648e-01, "C_T": 5.311016e-01, "angle": 0.6062536577785256}
