{"C_L": 0.322073, "C_D": 0.754884, "C_N": 5.428296e-01, "C_T": 2.875006e-01, "angle": 0.5318044085016495}
