{"C_L": -0.00678336, "C_D": 1.00759, "C_N": 3.429548e-01, "C_T": 5.650082e-01, "angle": 0.55580722469511}
