{"C_L": 0.652599, "C_D": 0.378158, "C_N": 7.098303e-01, "C_T": 7.471032e-02, "angle": 0.3120993371514868}
