{"C_L": 0.631477, "C_D": 0.548398, "C_N": 7.624002e-01, "C_T": 1.192811e-01, "angle": 0.45711809903355566}
