{"C_L": 1.14455, "C_D": 0.115134, "C_N": 1.149458e+00, "C_T": 6.233060e-02, "angle": 0.052915156010742224}
