{"C_L": 2.17244, "C_D": 0.142047, "C_N": 2.216278e+00, "C_T": -1.187556e-01, "angle": 0.2597296408988175}
