{"C_L": 0.000572795, "C_D": 0.483734, "C_N": 6.163437e-02, "C_T": 2.693782e-01, "angle": 0.22285783212173832}
