{"C_L": 0.595261, "C_D": 0.195464, "C_N": 6.082861e-01, "C_T": 2.080223e-02, "angle": 0.17588789790661583}
