{"C_L": -0.484962, "C_D": 1.10852, "C_N": -1.687469e-01, "C_T": 7.322237e-01, "angle": 0.4750390025457291}
