{"C_L": -0.0879963, "C_D": 0.470941, "C_N": -3.282156e-02, "C_T": 2.691653e-01, "angle": 0.20916400919858416}
