{"C_L": 2.09067, "C_D": 0.12127, "C_N": 2.137678e+00, "C_T": -2.228380e-01, "angle": 0.3379003559097989}
