{"C_L": 1.94264, "C_D": 0.171938, "C_N": 1.977983e+00, "C_T": -3.532892e-02, "angle": 0.20800180220595774}
