{"C_L": 2.40075, "C_D": 0.241241, "C_N": 2.580274e+00, "C_T": -2.555769e-01, "angle": 0.4861310075962958}
