{"C_L": 0.570111, "C_D": 0.694097, "C_N": 7.484231e-01, "C_T": 3.604087e-01, "angle": 0.36559771433728055}
