{"C_L": 0.885962, "C_D": 0.508027, "C_N": 1.028673e+00, "C_T": -7.367735e-03, "angle": 0.5402437168813548}
