{"C_L": 1.97189, "C_D": 0.157122, "C_N": 2.024815e+00, "C_T": -1.826638e-01, "angle": 0.3358583651590276}
